country,gold,silver,bronze,city,year
Albania,0,0,2,Paris,2024
Algeria,2,0,1,Paris,2024
Argentina,1,1,1,Paris,2024
Armenia,0,3,1,Paris,2024
Australia,18,19,16,Paris,2024
Austria,2,0,3,Paris,2024
Azerbaijan,2,2,3,Paris,2024
Bahrain,2,1,1,Paris,2024
Belgium,3,1,6,Paris,2024
Botswana,1,1,0,Paris,2024
Brazil,3,7,10,Paris,2024
Bulgaria,3,1,3,Paris,2024
Cabo Verde,0,0,1,Paris,2024
Canada,9,7,11,Paris,2024
Chile,1,1,0,Paris,2024
Chinese Taipei,2,0,5,Paris,2024
Colombia,0,3,1,Paris,2024
Côte d'Ivoire,0,0,1,Paris,2024
Croatia,2,2,3,Paris,2024
Cuba,2,1,6,Paris,2024
Cyprus,0,1,0,Paris,2024
Czechia,3,0,2,Paris,2024
Democratic People's Republic of Korea,0,2,4,Paris,2024
Denmark,2,2,5,Paris,2024
Dominica,1,0,0,Paris,2024
Dominican Republic,1,0,2,Paris,2024
EOR,0,0,1,Paris,2024
Ecuador,1,2,2,Paris,2024
Egypt,1,1,1,Paris,2024
Ethiopia,1,3,0,Paris,2024
Fiji,0,1,0,Paris,2024
France,16,26,22,Paris,2024
Georgia,3,3,1,Paris,2024
Germany,12,13,8,Paris,2024
Great Britain,14,22,29,Paris,2024
Greece,1,1,6,Paris,2024
Grenada,0,0,2,Paris,2024
Guatemala,1,0,1,Paris,2024
"Hong Kong, China",2,0,2,Paris,2024
Hungary,6,7,6,Paris,2024
India,0,1,5,Paris,2024
Indonesia,2,0,1,Paris,2024
Ireland,4,0,3,Paris,2024
Islamic Republic of Iran,3,6,3,Paris,2024
Israel,1,5,1,Paris,2024
Italy,12,13,15,Paris,2024
Jamaica,1,3,2,Paris,2024
Japan,20,12,13,Paris,2024
Jordan,0,1,0,Paris,2024
Kazakhstan,1,3,3,Paris,2024
Kenya,4,2,5,Paris,2024
Kosovo,0,1,1,Paris,2024
Kyrgyzstan,0,2,4,Paris,2024
Lithuania,0,2,2,Paris,2024
Malaysia,0,0,2,Paris,2024
Mexico,0,3,2,Paris,2024
Mongolia,0,1,0,Paris,2024
Morocco,1,0,1,Paris,2024
Netherlands,15,7,12,Paris,2024
New Zealand,10,7,3,Paris,2024
Norway,4,1,3,Paris,2024
Pakistan,1,0,0,Paris,2024
Panama,0,1,0,Paris,2024
People's Republic of China,40,27,24,Paris,2024
Peru,0,0,1,Paris,2024
Philippines,2,0,2,Paris,2024
Poland,1,4,5,Paris,2024
Portugal,1,2,1,Paris,2024
Puerto Rico,0,0,2,Paris,2024
Qatar,0,0,1,Paris,2024
Republic of Korea,13,9,10,Paris,2024
Republic of Moldova,0,1,3,Paris,2024
Romania,3,4,2,Paris,2024
Saint Lucia,1,1,0,Paris,2024
Serbia,3,1,1,Paris,2024
Singapore,0,0,1,Paris,2024
Slovakia,0,0,1,Paris,2024
Slovenia,2,1,0,Paris,2024
South Africa,1,3,2,Paris,2024
Spain,5,4,9,Paris,2024
Sweden,4,4,3,Paris,2024
Switzerland,1,2,5,Paris,2024
Tajikistan,0,0,3,Paris,2024
Thailand,1,3,2,Paris,2024
Tunisia,1,1,1,Paris,2024
Türkiye,0,3,5,Paris,2024
Uganda,1,1,0,Paris,2024
Ukraine,3,5,4,Paris,2024
United States of America,40,44,42,Paris,2024
Uzbekistan,8,2,3,Paris,2024
Zambia,0,0,1,Paris,2024
Argentina,0,1,2,Tokyo,2020
Armenia,0,2,2,Tokyo,2020
Australia,17,7,22,Tokyo,2020
Austria,1,1,5,Tokyo,2020
Azerbaijan,0,3,4,Tokyo,2020
Bahamas,2,0,0,Tokyo,2020
Bahrain,0,1,0,Tokyo,2020
Belarus,1,3,3,Tokyo,2020
Belgium,3,1,3,Tokyo,2020
Bermuda,1,0,0,Tokyo,2020
Botswana,0,0,1,Tokyo,2020
Brazil,7,6,8,Tokyo,2020
Bulgaria,3,1,2,Tokyo,2020
Burkina Faso,0,0,1,Tokyo,2020
Canada,7,7,10,Tokyo,2020
Chinese Taipei,2,4,6,Tokyo,2020
Colombia,0,4,1,Tokyo,2020
Côte d'Ivoire,0,0,1,Tokyo,2020
Croatia,3,3,2,Tokyo,2020
Cuba,7,3,5,Tokyo,2020
Czechia,4,4,3,Tokyo,2020
Denmark,3,4,4,Tokyo,2020
Dominican Republic,0,3,2,Tokyo,2020
Ecuador,2,1,0,Tokyo,2020
Egypt,1,1,4,Tokyo,2020
Estonia,1,0,1,Tokyo,2020
Ethiopia,1,1,2,Tokyo,2020
Fiji,1,0,1,Tokyo,2020
Finland,0,0,2,Tokyo,2020
France,10,12,11,Tokyo,2020
Georgia,2,5,1,Tokyo,2020
Germany,10,11,16,Tokyo,2020
Ghana,0,0,1,Tokyo,2020
Great Britain,22,20,22,Tokyo,2020
Greece,2,1,1,Tokyo,2020
Grenada,0,0,1,Tokyo,2020
"Hong Kong, China",1,2,3,Tokyo,2020
Hungary,6,7,7,Tokyo,2020
India,1,2,4,Tokyo,2020
Indonesia,1,1,3,Tokyo,2020
Ireland,2,0,2,Tokyo,2020
Islamic Republic of Iran,3,2,2,Tokyo,2020
Israel,2,0,2,Tokyo,2020
Italy,10,10,20,Tokyo,2020
Jamaica,4,1,4,Tokyo,2020
Japan,27,14,17,Tokyo,2020
Jordan,0,1,1,Tokyo,2020
Kazakhstan,0,0,8,Tokyo,2020
Kenya,4,4,2,Tokyo,2020
Kosovo,2,0,0,Tokyo,2020
Kuwait,0,0,1,Tokyo,2020
Kyrgyzstan,0,2,1,Tokyo,2020
Latvia,1,0,1,Tokyo,2020
Lithuania,0,1,0,Tokyo,2020
Malaysia,0,1,1,Tokyo,2020
Mexico,0,0,4,Tokyo,2020
Mongolia,0,1,3,Tokyo,2020
Morocco,1,0,0,Tokyo,2020
Namibia,0,1,0,Tokyo,2020
Netherlands,10,12,14,Tokyo,2020
New Zealand,7,6,7,Tokyo,2020
Nigeria,0,1,1,Tokyo,2020
North Macedonia,0,1,0,Tokyo,2020
Norway,4,2,2,Tokyo,2020
People's Republic of China,38,32,19,Tokyo,2020
Philippines,1,2,1,Tokyo,2020
Poland,4,5,5,Tokyo,2020
Portugal,1,1,2,Tokyo,2020
Puerto Rico,1,0,0,Tokyo,2020
Qatar,2,0,1,Tokyo,2020
ROC,20,28,23,Tokyo,2020
Republic of Korea,6,4,10,Tokyo,2020
Republic of Moldova,0,0,1,Tokyo,2020
Romania,1,3,0,Tokyo,2020
San Marino,0,1,2,Tokyo,2020
Saudi Arabia,0,1,0,Tokyo,2020
Serbia,3,1,5,Tokyo,2020
Slovakia,1,2,1,Tokyo,2020
Slovenia,3,1,1,Tokyo,2020
South Africa,1,2,0,Tokyo,2020
Spain,3,8,6,Tokyo,2020
Sweden,3,6,0,Tokyo,2020
Switzerland,3,4,6,Tokyo,2020
Syrian Arab Republic,0,0,1,Tokyo,2020
Thailand,1,0,1,Tokyo,2020
Tunisia,1,1,0,Tokyo,2020
Türkiye,2,2,9,Tokyo,2020
Turkmenistan,0,1,0,Tokyo,2020
Uganda,2,1,1,Tokyo,2020
Ukraine,1,6,12,Tokyo,2020
United States of America,39,41,33,Tokyo,2020
Uzbekistan,3,0,2,Tokyo,2020
Venezuela,1,3,0,Tokyo,2020
Algeria,0,2,0,Rio,2016
Argentina,3,1,0,Rio,2016
Armenia,1,3,0,Rio,2016
Australia,8,11,10,Rio,2016
Austria,0,0,1,Rio,2016
Azerbaijan,1,7,10,Rio,2016
Bahamas,1,0,1,Rio,2016
Bahrain,1,1,0,Rio,2016
Belarus,1,4,4,Rio,2016
Belgium,2,2,2,Rio,2016
Brazil,7,6,6,Rio,2016
Bulgaria,0,1,2,Rio,2016
Burundi,0,1,0,Rio,2016
Canada,4,3,15,Rio,2016
Chinese Taipei,1,0,2,Rio,2016
Colombia,3,2,3,Rio,2016
Côte d'Ivoire,1,0,1,Rio,2016
Croatia,5,3,2,Rio,2016
Cuba,5,2,4,Rio,2016
Czechia,1,2,7,Rio,2016
Democratic People's Republic of Korea,2,3,2,Rio,2016
Denmark,2,6,7,Rio,2016
Dominican Republic,0,0,1,Rio,2016
Egypt,0,0,3,Rio,2016
Estonia,0,0,1,Rio,2016
Ethiopia,1,2,5,Rio,2016
Fiji,1,0,0,Rio,2016
Finland,0,0,1,Rio,2016
France,10,18,14,Rio,2016
Georgia,2,1,4,Rio,2016
Germany,17,10,15,Rio,2016
Great Britain,27,23,17,Rio,2016
Greece,3,1,2,Rio,2016
Grenada,0,1,0,Rio,2016
Hungary,8,3,4,Rio,2016
Independent Olympic Athletes,1,0,1,Rio,2016
India,0,1,1,Rio,2016
Indonesia,1,2,0,Rio,2016
Ireland,0,2,0,Rio,2016
Islamic Republic of Iran,3,1,4,Rio,2016
Israel,0,0,2,Rio,2016
Italy,8,12,8,Rio,2016
Jamaica,6,3,2,Rio,2016
Japan,12,8,21,Rio,2016
Jordan,1,0,0,Rio,2016
Kazakhstan,2,5,10,Rio,2016
Kenya,6,6,1,Rio,2016
Kosovo,1,0,0,Rio,2016
Lithuania,0,1,3,Rio,2016
Malaysia,0,4,1,Rio,2016
Mexico,0,3,2,Rio,2016
Mongolia,0,1,1,Rio,2016
Morocco,0,0,1,Rio,2016
Netherlands,8,7,4,Rio,2016
New Zealand,4,9,5,Rio,2016
Niger,0,1,0,Rio,2016
Nigeria,0,0,1,Rio,2016
Norway,0,0,4,Rio,2016
People's Republic of China,26,18,26,Rio,2016
Philippines,0,1,0,Rio,2016
Poland,2,3,6,Rio,2016
Portugal,0,0,1,Rio,2016
Puerto Rico,1,0,0,Rio,2016
Qatar,0,1,0,Rio,2016
Republic of Korea,9,3,9,Rio,2016
Romania,1,1,2,Rio,2016
Russian Federation,19,17,20,Rio,2016
Serbia,2,4,2,Rio,2016
Singapore,1,0,0,Rio,2016
Slovakia,2,2,0,Rio,2016
Slovenia,1,2,1,Rio,2016
South Africa,2,6,2,Rio,2016
Spain,7,4,6,Rio,2016
Sweden,2,6,3,Rio,2016
Switzerland,3,2,2,Rio,2016
Tajikistan,1,0,0,Rio,2016
Thailand,2,2,2,Rio,2016
Trinidad and Tobago,0,0,1,Rio,2016
Tunisia,0,0,3,Rio,2016
Türkiye,1,3,4,Rio,2016
Ukraine,2,5,4,Rio,2016
United Arab Emirates,0,0,1,Rio,2016
United States of America,46,37,38,Rio,2016
Uzbekistan,4,2,7,Rio,2016
Venezuela,0,2,1,Rio,2016
Vietnam,1,1,0,Rio,2016
Afghanistan,0,0,1,London,2012
Algeria,1,0,0,London,2012
Argentina,1,1,2,London,2012
Armenia,0,1,1,London,2012
Australia,8,15,12,London,2012
Azerbaijan,2,2,5,London,2012
Bahamas,1,0,0,London,2012
Bahrain,1,0,0,London,2012
Belarus,2,5,3,London,2012
Belgium,0,1,2,London,2012
Botswana,0,1,0,London,2012
Brazil,3,5,9,London,2012
Bulgaria,0,2,1,London,2012
Cameroon,0,0,1,London,2012
Canada,2,6,10,London,2012
Chinese Taipei,1,0,1,London,2012
Colombia,1,3,5,London,2012
Croatia,3,1,2,London,2012
Cuba,5,3,7,London,2012
Cyprus,0,1,0,London,2012
Czechia,4,4,3,London,2012
Democratic People's Republic of Korea,4,0,2,London,2012
Denmark,2,4,3,London,2012
Dominican Republic,1,1,0,London,2012
Egypt,0,3,1,London,2012
Estonia,0,1,1,London,2012
Ethiopia,3,2,3,London,2012
Finland,0,2,1,London,2012
France,11,11,13,London,2012
Gabon,0,1,0,London,2012
Georgia,1,2,3,London,2012
Germany,11,20,13,London,2012
Great Britain,29,18,18,London,2012
Greece,0,0,2,London,2012
Grenada,1,0,0,London,2012
Guatemala,0,1,0,London,2012
"Hong Kong, China",0,0,1,London,2012
Hungary,8,4,6,London,2012
India,0,2,4,London,2012
Indonesia,0,2,1,London,2012
Ireland,1,1,4,London,2012
Islamic Republic of Iran,7,5,1,London,2012
Italy,8,9,11,London,2012
Jamaica,4,5,4,London,2012
Japan,7,14,17,London,2012
Kazakhstan,3,1,7,London,2012
Kenya,2,4,7,London,2012
Kuwait,0,0,1,London,2012
Latvia,1,0,1,London,2012
Lithuania,2,0,3,London,2012
Malaysia,0,1,1,London,2012
Mexico,1,3,4,London,2012
Mongolia,0,2,3,London,2012
Montenegro,0,1,0,London,2012
Morocco,0,0,1,London,2012
Netherlands,6,6,8,London,2012
New Zealand,6,2,5,London,2012
Norway,2,1,1,London,2012
People's Republic of China,39,31,22,London,2012
Poland,3,2,6,London,2012
Portugal,0,1,0,London,2012
Puerto Rico,0,1,1,London,2012
Qatar,0,1,1,London,2012
Republic of Korea,13,9,9,London,2012
Romania,2,4,1,London,2012
Russian Federation,18,21,26,London,2012
Saudi Arabia,0,0,1,London,2012
Serbia,1,1,2,London,2012
Singapore,0,0,2,London,2012
Slovakia,0,1,3,London,2012
Slovenia,1,1,2,London,2012
South Africa,4,1,1,London,2012
Spain,4,10,6,London,2012
Sweden,1,4,3,London,2012
Switzerland,2,2,0,London,2012
Tajikistan,0,0,1,London,2012
Thailand,0,2,2,London,2012
Trinidad and Tobago,1,1,2,London,2012
Tunisia,2,0,1,London,2012
Türkiye,1,1,1,London,2012
Uganda,1,0,0,London,2012
Ukraine,5,4,10,London,2012
United States of America,48,26,30,London,2012
Uzbekistan,0,0,3,London,2012
Venezuela,1,0,0,London,2012
Vietnam,0,0,1,London,2012
Afghanistan,0,0,1,Beijing,2008
Algeria,0,1,1,Beijing,2008
Argentina,2,0,4,Beijing,2008
Armenia,0,1,4,Beijing,2008
Australia,14,15,17,Beijing,2008
Austria,0,1,2,Beijing,2008
Azerbaijan,1,1,4,Beijing,2008
Bahamas,0,1,1,Beijing,2008
Belarus,3,4,7,Beijing,2008
Belgium,2,0,0,Beijing,2008
Brazil,3,4,10,Beijing,2008
Bulgaria,1,1,3,Beijing,2008
Cameroon,1,0,0,Beijing,2008
Canada,3,9,8,Beijing,2008
Chile,0,1,0,Beijing,2008
Chinese Taipei,1,1,2,Beijing,2008
Colombia,0,2,1,Beijing,2008
Croatia,0,2,3,Beijing,2008
Cuba,3,10,17,Beijing,2008
Czechia,3,3,1,Beijing,2008
Democratic People's Republic of Korea,2,2,2,Beijing,2008
Denmark,2,2,3,Beijing,2008
Dominican Republic,1,1,0,Beijing,2008
Ecuador,0,1,0,Beijing,2008
Egypt,0,0,2,Beijing,2008
Estonia,1,1,0,Beijing,2008
Ethiopia,4,2,1,Beijing,2008
Finland,1,1,2,Beijing,2008
France,7,16,20,Beijing,2008
Georgia,3,2,2,Beijing,2008
Germany,16,11,14,Beijing,2008
Great Britain,19,13,19,Beijing,2008
Greece,0,2,1,Beijing,2008
Hungary,3,5,2,Beijing,2008
Iceland,0,1,0,Beijing,2008
India,1,0,2,Beijing,2008
Indonesia,1,1,4,Beijing,2008
Ireland,0,1,2,Beijing,2008
Islamic Republic of Iran,1,0,1,Beijing,2008
Israel,0,0,1,Beijing,2008
Italy,8,9,10,Beijing,2008
Jamaica,5,4,2,Beijing,2008
Japan,9,8,8,Beijing,2008
Kazakhstan,2,3,4,Beijing,2008
Kenya,6,4,6,Beijing,2008
Kyrgyzstan,0,1,2,Beijing,2008
Latvia,1,1,1,Beijing,2008
Lithuania,0,3,2,Beijing,2008
Malaysia,0,1,0,Beijing,2008
Mauritius,0,0,1,Beijing,2008
Mexico,2,0,2,Beijing,2008
Mongolia,2,2,0,Beijing,2008
Morocco,0,1,1,Beijing,2008
Netherlands,7,5,4,Beijing,2008
New Zealand,3,2,4,Beijing,2008
Nigeria,0,3,2,Beijing,2008
Norway,3,5,1,Beijing,2008
Panama,1,0,0,Beijing,2008
People's Republic of China,48,22,30,Beijing,2008
Poland,4,5,2,Beijing,2008
Portugal,1,1,0,Beijing,2008
Republic of Korea,13,11,8,Beijing,2008
Republic of Moldova,0,0,1,Beijing,2008
Romania,4,1,4,Beijing,2008
Russian Federation,24,13,23,Beijing,2008
Samoa,0,1,0,Beijing,2008
Serbia,0,1,2,Beijing,2008
Singapore,0,1,0,Beijing,2008
Slovakia,3,3,0,Beijing,2008
Slovenia,1,2,2,Beijing,2008
South Africa,0,1,0,Beijing,2008
Spain,5,11,3,Beijing,2008
Sudan,0,1,0,Beijing,2008
Sweden,0,4,1,Beijing,2008
Switzerland,2,1,4,Beijing,2008
Tajikistan,0,1,1,Beijing,2008
Thailand,2,2,2,Beijing,2008
Togo,0,0,1,Beijing,2008
Trinidad and Tobago,1,1,0,Beijing,2008
Tunisia,1,0,0,Beijing,2008
Türkiye,1,1,3,Beijing,2008
Ukraine,7,4,11,Beijing,2008
United States of America,36,39,37,Beijing,2008
Uzbekistan,0,1,3,Beijing,2008
Venezuela,0,0,1,Beijing,2008
Vietnam,0,1,0,Beijing,2008
Zimbabwe,1,3,0,Beijing,2008
Argentina,2,0,4,Athens,2004
Australia,17,16,17,Athens,2004
Austria,2,4,1,Athens,2004
Azerbaijan,1,0,4,Athens,2004
Bahamas,1,0,1,Athens,2004
Belarus,2,5,6,Athens,2004
Belgium,1,0,2,Athens,2004
Brazil,5,2,3,Athens,2004
Bulgaria,2,1,9,Athens,2004
Cameroon,1,0,0,Athens,2004
Canada,3,6,3,Athens,2004
Chile,2,0,1,Athens,2004
Chinese Taipei,2,2,1,Athens,2004
Colombia,0,0,2,Athens,2004
Croatia,1,2,2,Athens,2004
Cuba,9,7,11,Athens,2004
Czechia,1,3,5,Athens,2004
Democratic People's Republic of Korea,0,4,1,Athens,2004
Denmark,2,1,5,Athens,2004
Dominican Republic,1,0,0,Athens,2004
Egypt,1,1,3,Athens,2004
Eritrea,0,0,1,Athens,2004
Estonia,0,1,2,Athens,2004
Ethiopia,2,3,2,Athens,2004
Finland,0,2,0,Athens,2004
France,11,9,13,Athens,2004
Georgia,2,2,0,Athens,2004
Germany,13,16,20,Athens,2004
Great Britain,9,9,12,Athens,2004
Greece,6,6,4,Athens,2004
"Hong Kong, China",0,1,0,Athens,2004
Hungary,8,6,3,Athens,2004
India,0,1,0,Athens,2004
Indonesia,1,1,2,Athens,2004
Islamic Republic of Iran,2,2,2,Athens,2004
Israel,1,0,1,Athens,2004
Italy,10,11,11,Athens,2004
Jamaica,2,1,2,Athens,2004
Japan,16,9,12,Athens,2004
Kazakhstan,1,4,3,Athens,2004
Kenya,1,4,2,Athens,2004
Latvia,0,4,0,Athens,2004
Lithuania,1,2,0,Athens,2004
Mexico,0,3,1,Athens,2004
Mongolia,0,0,1,Athens,2004
Morocco,2,1,0,Athens,2004
Netherlands,4,9,9,Athens,2004
New Zealand,3,2,0,Athens,2004
Nigeria,0,0,2,Athens,2004
Norway,5,0,1,Athens,2004
Paraguay,0,1,0,Athens,2004
People's Republic of China,32,17,14,Athens,2004
Poland,3,2,5,Athens,2004
Portugal,0,2,1,Athens,2004
Republic of Korea,9,12,9,Athens,2004
Romania,8,5,6,Athens,2004
Russian Federation,28,26,36,Athens,2004
Serbia and Montenegro,0,2,0,Athens,2004
Slovakia,2,2,2,Athens,2004
Slovenia,0,1,3,Athens,2004
South Africa,1,3,2,Athens,2004
Spain,3,11,6,Athens,2004
Sweden,4,2,1,Athens,2004
Switzerland,1,1,3,Athens,2004
Syrian Arab Republic,0,0,1,Athens,2004
Thailand,3,1,4,Athens,2004
Trinidad and Tobago,0,0,1,Athens,2004
Türkiye,3,3,4,Athens,2004
Ukraine,8,5,9,Athens,2004
United Arab Emirates,1,0,0,Athens,2004
United States of America,36,39,26,Athens,2004
Uzbekistan,2,1,2,Athens,2004
Venezuela,0,0,2,Athens,2004
Zimbabwe,1,1,1,Athens,2004
Algeria,1,1,3,Sydney,2000
Argentina,0,2,2,Sydney,2000
Armenia,0,0,1,Sydney,2000
Australia,16,25,17,Sydney,2000
Austria,2,1,0,Sydney,2000
Azerbaijan,2,0,1,Sydney,2000
Bahamas,2,0,1,Sydney,2000
Barbados,0,0,1,Sydney,2000
Belarus,3,3,11,Sydney,2000
Belgium,0,2,3,Sydney,2000
Brazil,0,6,6,Sydney,2000
Bulgaria,5,6,2,Sydney,2000
Cameroon,1,0,0,Sydney,2000
Canada,3,3,8,Sydney,2000
Chile,0,0,1,Sydney,2000
Chinese Taipei,0,1,4,Sydney,2000
Colombia,1,0,0,Sydney,2000
Costa Rica,0,0,2,Sydney,2000
Croatia,1,0,1,Sydney,2000
Cuba,11,11,7,Sydney,2000
Czechia,2,3,3,Sydney,2000
Democratic People's Republic of Korea,0,1,3,Sydney,2000
Denmark,2,3,1,Sydney,2000
Estonia,1,0,2,Sydney,2000
Ethiopia,4,1,3,Sydney,2000
Finland,2,1,1,Sydney,2000
France,13,14,11,Sydney,2000
Georgia,0,0,6,Sydney,2000
Germany,13,17,26,Sydney,2000
Great Britain,11,10,7,Sydney,2000
Greece,4,6,3,Sydney,2000
Hungary,8,6,3,Sydney,2000
Iceland,0,0,1,Sydney,2000
India,0,0,1,Sydney,2000
Indonesia,1,3,2,Sydney,2000
Ireland,0,1,0,Sydney,2000
Islamic Republic of Iran,3,0,1,Sydney,2000
Israel,0,0,1,Sydney,2000
Italy,13,8,13,Sydney,2000
Jamaica,0,6,3,Sydney,2000
Japan,5,8,5,Sydney,2000
Kazakhstan,3,4,0,Sydney,2000
Kenya,2,3,2,Sydney,2000
Kuwait,0,0,1,Sydney,2000
Kyrgyzstan,0,0,1,Sydney,2000
Latvia,1,1,1,Sydney,2000
Lithuania,2,0,3,Sydney,2000
Mexico,1,2,3,Sydney,2000
Morocco,0,1,4,Sydney,2000
Mozambique,1,0,0,Sydney,2000
Netherlands,12,9,4,Sydney,2000
New Zealand,1,0,3,Sydney,2000
Nigeria,1,2,0,Sydney,2000
North Macedonia,0,0,1,Sydney,2000
Norway,4,3,3,Sydney,2000
People's Republic of China,28,16,14,Sydney,2000
Poland,6,5,3,Sydney,2000
Portugal,0,0,2,Sydney,2000
Qatar,0,0,1,Sydney,2000
Republic of Korea,8,10,10,Sydney,2000
Republic of Moldova,0,1,1,Sydney,2000
Romania,11,6,9,Sydney,2000
Russian Federation,32,28,29,Sydney,2000
Saudi Arabia,0,1,1,Sydney,2000
Serbia and Montenegro,1,1,1,Sydney,2000
Slovakia,1,3,1,Sydney,2000
Slovenia,2,0,0,Sydney,2000
South Africa,0,2,3,Sydney,2000
Spain,3,3,5,Sydney,2000
Sri Lanka,0,1,0,Sydney,2000
Sweden,4,5,3,Sydney,2000
Switzerland,1,6,2,Sydney,2000
Thailand,1,0,2,Sydney,2000
Trinidad and Tobago,0,1,1,Sydney,2000
Türkiye,3,0,2,Sydney,2000
Ukraine,3,10,10,Sydney,2000
United States of America,37,24,32,Sydney,2000
Uruguay,0,1,0,Sydney,2000
Uzbekistan,1,1,2,Sydney,2000
Vietnam,0,1,0,Sydney,2000
Algeria,2,0,1,Atlanta,1996
Argentina,0,2,1,Atlanta,1996
Armenia,1,1,0,Atlanta,1996
Australia,9,9,23,Atlanta,1996
Austria,0,1,2,Atlanta,1996
Azerbaijan,0,1,0,Atlanta,1996
Bahamas,0,1,0,Atlanta,1996
Belarus,1,6,8,Atlanta,1996
Belgium,2,2,2,Atlanta,1996
Brazil,3,3,9,Atlanta,1996
Bulgaria,3,7,5,Atlanta,1996
Burundi,1,0,0,Atlanta,1996
Canada,3,11,8,Atlanta,1996
Chinese Taipei,0,1,0,Atlanta,1996
Costa Rica,1,0,0,Atlanta,1996
Croatia,1,1,0,Atlanta,1996
Cuba,9,8,8,Atlanta,1996
Czechia,4,3,4,Atlanta,1996
Democratic People's Republic of Korea,2,1,2,Atlanta,1996
Denmark,4,1,1,Atlanta,1996
Ecuador,1,0,0,Atlanta,1996
Ethiopia,2,0,1,Atlanta,1996
Finland,1,2,1,Atlanta,1996
France,15,7,15,Atlanta,1996
Georgia,0,0,2,Atlanta,1996
Germany,20,18,27,Atlanta,1996
Great Britain,1,8,6,Atlanta,1996
Greece,4,4,0,Atlanta,1996
"Hong Kong, China",1,0,0,Atlanta,1996
Hungary,7,4,10,Atlanta,1996
India,0,0,1,Atlanta,1996
Indonesia,1,1,2,Atlanta,1996
Ireland,3,0,1,Atlanta,1996
Islamic Republic of Iran,1,1,1,Atlanta,1996
Israel,0,0,1,Atlanta,1996
Italy,13,10,12,Atlanta,1996
Jamaica,1,3,2,Atlanta,1996
Japan,3,6,5,Atlanta,1996
Kazakhstan,3,4,4,Atlanta,1996
Kenya,1,4,3,Atlanta,1996
Latvia,0,1,0,Atlanta,1996
Lithuania,0,0,1,Atlanta,1996
Malaysia,0,1,1,Atlanta,1996
Mexico,0,0,1,Atlanta,1996
Mongolia,0,0,1,Atlanta,1996
Morocco,0,0,2,Atlanta,1996
Mozambique,0,0,1,Atlanta,1996
Namibia,0,2,0,Atlanta,1996
Netherlands,4,5,10,Atlanta,1996
New Zealand,3,2,1,Atlanta,1996
Nigeria,2,1,3,Atlanta,1996
Norway,2,2,3,Atlanta,1996
People's Republic of China,16,22,12,Atlanta,1996
Philippines,0,1,0,Atlanta,1996
Poland,7,5,5,Atlanta,1996
Portugal,1,0,1,Atlanta,1996
Puerto Rico,0,0,1,Atlanta,1996
Republic of Korea,7,15,5,Atlanta,1996
Republic of Moldova,0,1,1,Atlanta,1996
Romania,4,7,9,Atlanta,1996
Russian Federation,26,21,16,Atlanta,1996
Serbia and Montenegro,1,1,2,Atlanta,1996
Slovakia,1,1,1,Atlanta,1996
Slovenia,0,2,0,Atlanta,1996
South Africa,3,1,1,Atlanta,1996
Spain,5,6,6,Atlanta,1996
Sweden,2,4,2,Atlanta,1996
Switzerland,4,3,0,Atlanta,1996
Syrian Arab Republic,1,0,0,Atlanta,1996
Thailand,1,0,1,Atlanta,1996
Tonga,0,1,0,Atlanta,1996
Trinidad and Tobago,0,0,2,Atlanta,1996
Tunisia,0,0,1,Atlanta,1996
Türkiye,4,1,1,Atlanta,1996
Uganda,0,0,1,Atlanta,1996
Ukraine,9,2,12,Atlanta,1996
United States of America,44,32,25,Atlanta,1996
Uzbekistan,0,1,1,Atlanta,1996
Zambia,0,1,0,Atlanta,1996
Algeria,1,0,1,Barcelona,1992
Argentina,0,0,1,Barcelona,1992
Australia,7,9,11,Barcelona,1992
Austria,0,2,0,Barcelona,1992
Bahamas,0,0,1,Barcelona,1992
Belgium,0,1,2,Barcelona,1992
Brazil,2,1,0,Barcelona,1992
Bulgaria,3,7,6,Barcelona,1992
Canada,7,4,7,Barcelona,1992
Chinese Taipei,0,1,0,Barcelona,1992
Colombia,0,0,1,Barcelona,1992
Croatia,0,1,2,Barcelona,1992
Cuba,14,6,11,Barcelona,1992
Czechoslovakia,4,2,1,Barcelona,1992
Democratic People's Republic of Korea,4,0,5,Barcelona,1992
Denmark,1,1,4,Barcelona,1992
Estonia,1,0,1,Barcelona,1992
Ethiopia,1,0,2,Barcelona,1992
Finland,1,2,2,Barcelona,1992
France,8,5,16,Barcelona,1992
Germany,33,21,28,Barcelona,1992
Ghana,0,0,1,Barcelona,1992
Great Britain,5,3,12,Barcelona,1992
Greece,2,0,0,Barcelona,1992
Hungary,11,12,7,Barcelona,1992
Independent Olympic Athletes,0,1,2,Barcelona,1992
Indonesia,2,2,1,Barcelona,1992
Ireland,1,1,0,Barcelona,1992
Islamic Republic of Iran,0,1,2,Barcelona,1992
Israel,0,1,1,Barcelona,1992
Italy,6,5,8,Barcelona,1992
Jamaica,0,3,1,Barcelona,1992
Japan,3,8,11,Barcelona,1992
Kenya,2,4,2,Barcelona,1992
Latvia,0,2,1,Barcelona,1992
Lithuania,1,0,1,Barcelona,1992
Malaysia,0,0,1,Barcelona,1992
Mexico,0,1,0,Barcelona,1992
Mongolia,0,0,2,Barcelona,1992
Morocco,1,1,1,Barcelona,1992
Namibia,0,2,0,Barcelona,1992
Netherlands,2,6,7,Barcelona,1992
New Zealand,1,4,5,Barcelona,1992
Nigeria,0,3,1,Barcelona,1992
Norway,2,4,1,Barcelona,1992
Pakistan,0,0,1,Barcelona,1992
People's Republic of China,16,22,16,Barcelona,1992
Peru,0,1,0,Barcelona,1992
Philippines,0,0,1,Barcelona,1992
Poland,3,6,10,Barcelona,1992
Puerto Rico,0,0,1,Barcelona,1992
Qatar,0,0,1,Barcelona,1992
Republic of Korea,12,5,12,Barcelona,1992
Romania,4,6,8,Barcelona,1992
Slovenia,0,0,2,Barcelona,1992
South Africa,0,2,0,Barcelona,1992
Spain,13,7,2,Barcelona,1992
Suriname,0,0,1,Barcelona,1992
Sweden,1,7,4,Barcelona,1992
Switzerland,1,0,0,Barcelona,1992
Thailand,0,0,1,Barcelona,1992
Türkiye,2,2,2,Barcelona,1992
Unified Team,45,38,29,Barcelona,1992
United States of America,37,34,37,Barcelona,1992
Argentina,0,1,1,Seoul,1988
Australia,3,6,5,Seoul,1988
Austria,1,0,0,Seoul,1988
Belgium,0,0,2,Seoul,1988
Brazil,1,2,3,Seoul,1988
Bulgaria,10,12,13,Seoul,1988
Canada,3,2,5,Seoul,1988
Chile,0,1,0,Seoul,1988
Colombia,0,0,1,Seoul,1988
Costa Rica,0,1,0,Seoul,1988
Czechoslovakia,3,3,2,Seoul,1988
Denmark,2,1,1,Seoul,1988
Djibouti,0,0,1,Seoul,1988
Federal Republic of Germany,11,14,15,Seoul,1988
Finland,1,1,2,Seoul,1988
France,6,4,6,Seoul,1988
German Democratic Republic (Germany),37,35,30,Seoul,1988
Great Britain,5,10,9,Seoul,1988
Greece,0,0,1,Seoul,1988
Hungary,11,6,6,Seoul,1988
Indonesia,0,1,0,Seoul,1988
Islamic Republic of Iran,0,1,0,Seoul,1988
Italy,6,4,4,Seoul,1988
Jamaica,0,2,0,Seoul,1988
Japan,4,3,7,Seoul,1988
Kenya,5,2,2,Seoul,1988
Mexico,0,0,2,Seoul,1988
Mongolia,0,0,1,Seoul,1988
Morocco,1,0,2,Seoul,1988
Netherlands,2,2,5,Seoul,1988
Netherlands Antilles,0,1,0,Seoul,1988
New Zealand,3,2,8,Seoul,1988
Norway,2,3,0,Seoul,1988
Pakistan,0,0,1,Seoul,1988
People's Republic of China,5,11,12,Seoul,1988
Peru,0,1,0,Seoul,1988
Philippines,0,0,1,Seoul,1988
Poland,2,5,9,Seoul,1988
Portugal,1,0,0,Seoul,1988
Republic of Korea,12,10,11,Seoul,1988
Romania,7,11,6,Seoul,1988
Senegal,0,1,0,Seoul,1988
Spain,1,1,2,Seoul,1988
Suriname,1,0,0,Seoul,1988
Sweden,0,4,7,Seoul,1988
Switzerland,0,2,2,Seoul,1988
Thailand,0,0,1,Seoul,1988
Türkiye,1,1,0,Seoul,1988
USSR,55,31,46,Seoul,1988
United States of America,36,31,27,Seoul,1988
"Virgin Islands, US",0,1,0,Seoul,1988
Yugoslavia,3,4,5,Seoul,1988
Algeria,0,0,2,Los Angeles,1984
Australia,4,8,12,Los Angeles,1984
Austria,1,1,1,Los Angeles,1984
Belgium,1,1,2,Los Angeles,1984
Brazil,1,5,2,Los Angeles,1984
Cameroon,0,0,1,Los Angeles,1984
Canada,10,18,16,Los Angeles,1984
Chinese Taipei,0,0,1,Los Angeles,1984
Colombia,0,1,0,Los Angeles,1984
Côte d'Ivoire,0,1,0,Los Angeles,1984
Denmark,0,3,3,Los Angeles,1984
Dominican Republic,0,0,1,Los Angeles,1984
Egypt,0,1,0,Los Angeles,1984
Federal Republic of Germany,17,19,23,Los Angeles,1984
Finland,4,2,6,Los Angeles,1984
France,5,7,16,Los Angeles,1984
Great Britain,5,11,21,Los Angeles,1984
Greece,0,1,1,Los Angeles,1984
Iceland,0,0,1,Los Angeles,1984
Ireland,0,1,0,Los Angeles,1984
Italy,14,6,12,Los Angeles,1984
Jamaica,0,1,2,Los Angeles,1984
Japan,10,8,14,Los Angeles,1984
Kenya,1,0,2,Los Angeles,1984
Mexico,2,3,1,Los Angeles,1984
Morocco,2,0,0,Los Angeles,1984
Netherlands,5,2,6,Los Angeles,1984
New Zealand,8,1,2,Los Angeles,1984
Nigeria,0,1,1,Los Angeles,1984
Norway,0,1,2,Los Angeles,1984
Pakistan,1,0,0,Los Angeles,1984
People's Republic of China,15,8,9,Los Angeles,1984
Peru,0,1,0,Los Angeles,1984
Portugal,1,0,2,Los Angeles,1984
Puerto Rico,0,1,1,Los Angeles,1984
Republic of Korea,6,6,7,Los Angeles,1984
Romania,20,16,17,Los Angeles,1984
Spain,1,2,2,Los Angeles,1984
Sweden,2,11,6,Los Angeles,1984
Switzerland,0,4,4,Los Angeles,1984
Syrian Arab Republic,0,1,0,Los Angeles,1984
Thailand,0,1,0,Los Angeles,1984
Türkiye,0,0,3,Los Angeles,1984
United States of America,83,61,30,Los Angeles,1984
Venezuela,0,0,3,Los Angeles,1984
Yugoslavia,7,4,7,Los Angeles,1984
Zambia,0,0,1,Los Angeles,1984
Australia,2,2,5,Moscow,1980
Austria,1,2,1,Moscow,1980
Belgium,1,0,0,Moscow,1980
Brazil,2,0,2,Moscow,1980
Bulgaria,8,16,17,Moscow,1980
Cuba,8,7,5,Moscow,1980
Czechoslovakia,2,3,9,Moscow,1980
Democratic People's Republic of Korea,0,3,2,Moscow,1980
Denmark,2,1,2,Moscow,1980
Ethiopia,2,0,2,Moscow,1980
Finland,3,1,4,Moscow,1980
France,6,5,3,Moscow,1980
German Democratic Republic (Germany),47,37,42,Moscow,1980
Great Britain,5,7,9,Moscow,1980
Greece,1,0,2,Moscow,1980
Guyana,0,0,1,Moscow,1980
Hungary,7,10,15,Moscow,1980
India,1,0,0,Moscow,1980
Ireland,0,1,1,Moscow,1980
Italy,8,3,4,Moscow,1980
Jamaica,0,0,3,Moscow,1980
Lebanon,0,0,1,Moscow,1980
Mexico,0,1,3,Moscow,1980
Mongolia,0,2,2,Moscow,1980
Netherlands,0,1,2,Moscow,1980
Poland,3,14,15,Moscow,1980
Romania,6,6,13,Moscow,1980
Spain,1,3,2,Moscow,1980
Sweden,3,3,6,Moscow,1980
Switzerland,2,0,0,Moscow,1980
USSR,80,69,46,Moscow,1980
Uganda,0,1,0,Moscow,1980
United Republic of Tanzania,0,2,0,Moscow,1980
Venezuela,0,1,0,Moscow,1980
Yugoslavia,2,3,4,Moscow,1980
Zimbabwe,1,0,0,Moscow,1980
Australia,0,1,4,Montreal,1976
Austria,0,0,1,Montreal,1976
Belgium,0,3,3,Montreal,1976
Bermuda,0,0,1,Montreal,1976
Brazil,0,0,2,Montreal,1976
Bulgaria,6,9,7,Montreal,1976
Canada,0,5,6,Montreal,1976
Cuba,6,4,3,Montreal,1976
Czechoslovakia,2,2,4,Montreal,1976
Democratic People's Republic of Korea,1,1,0,Montreal,1976
Denmark,1,0,2,Montreal,1976
Federal Republic of Germany,10,12,17,Montreal,1976
Finland,4,2,0,Montreal,1976
France,2,3,4,Montreal,1976
German Democratic Republic (Germany),40,25,25,Montreal,1976
Great Britain,3,5,5,Montreal,1976
Hungary,4,5,13,Montreal,1976
Islamic Republic of Iran,0,1,1,Montreal,1976
Italy,2,7,4,Montreal,1976
Jamaica,1,1,0,Montreal,1976
Japan,9,6,10,Montreal,1976
Mexico,1,0,1,Montreal,1976
Mongolia,0,1,0,Montreal,1976
Netherlands,0,2,3,Montreal,1976
New Zealand,2,1,1,Montreal,1976
Norway,1,1,0,Montreal,1976
Pakistan,0,0,1,Montreal,1976
Poland,7,6,13,Montreal,1976
Portugal,0,2,0,Montreal,1976
Puerto Rico,0,0,1,Montreal,1976
Republic of Korea,1,1,4,Montreal,1976
Romania,4,9,14,Montreal,1976
Spain,0,2,0,Montreal,1976
Sweden,4,1,0,Montreal,1976
Switzerland,1,1,2,Montreal,1976
Thailand,0,0,1,Montreal,1976
Trinidad and Tobago,1,0,0,Montreal,1976
USSR,49,41,35,Montreal,1976
United States of America,34,35,25,Montreal,1976
Venezuela,0,1,0,Montreal,1976
Yugoslavia,2,3,3,Montreal,1976
Argentina,0,1,0,Munich,1972
Australia,8,7,2,Munich,1972
Austria,0,1,2,Munich,1972
Belgium,0,2,0,Munich,1972
Brazil,0,0,2,Munich,1972
Bulgaria,6,10,5,Munich,1972
Canada,0,2,3,Munich,1972
Colombia,0,1,2,Munich,1972
Cuba,3,1,4,Munich,1972
Czechoslovakia,2,4,2,Munich,1972
Democratic People's Republic of Korea,1,1,3,Munich,1972
Denmark,1,0,0,Munich,1972
Ethiopia,0,0,2,Munich,1972
Federal Republic of Germany,13,11,16,Munich,1972
Finland,3,1,4,Munich,1972
France,2,4,7,Munich,1972
German Democratic Republic (Germany),20,23,23,Munich,1972
Ghana,0,0,1,Munich,1972
Great Britain,4,5,9,Munich,1972
Greece,0,2,0,Munich,1972
Hungary,6,13,16,Munich,1972
India,0,0,1,Munich,1972
Islamic Republic of Iran,0,2,1,Munich,1972
Italy,5,3,10,Munich,1972
Jamaica,0,0,1,Munich,1972
Japan,13,8,8,Munich,1972
Kenya,2,3,4,Munich,1972
Lebanon,0,1,0,Munich,1972
Mexico,0,1,0,Munich,1972
Mongolia,0,1,0,Munich,1972
Netherlands,3,1,1,Munich,1972
New Zealand,1,1,1,Munich,1972
Niger,0,0,1,Munich,1972
Nigeria,0,0,1,Munich,1972
Norway,2,1,1,Munich,1972
Pakistan,0,1,0,Munich,1972
Poland,7,5,9,Munich,1972
Republic of Korea,0,1,0,Munich,1972
Romania,3,6,7,Munich,1972
Spain,0,0,1,Munich,1972
Sweden,4,6,6,Munich,1972
Switzerland,0,3,0,Munich,1972
Tunisia,0,1,0,Munich,1972
Türkiye,0,1,0,Munich,1972
USSR,50,27,22,Munich,1972
Uganda,1,1,0,Munich,1972
United States of America,33,31,30,Munich,1972
Yugoslavia,2,1,2,Munich,1972
Argentina,0,0,2,Mexico City,1968
Australia,5,7,5,Mexico City,1968
Austria,0,2,2,Mexico City,1968
Belgium,0,1,1,Mexico City,1968
Brazil,0,1,2,Mexico City,1968
Bulgaria,2,4,3,Mexico City,1968
Cameroon,0,1,0,Mexico City,1968
Canada,1,3,1,Mexico City,1968
Chinese Taipei,0,0,1,Mexico City,1968
Cuba,0,4,0,Mexico City,1968
Czechoslovakia,7,2,4,Mexico City,1968
Denmark,1,4,3,Mexico City,1968
Ethiopia,1,1,0,Mexico City,1968
Federal Republic of Germany,5,11,10,Mexico City,1968
Finland,1,2,1,Mexico City,1968
France,7,3,5,Mexico City,1968
German Democratic Republic (Germany),9,9,7,Mexico City,1968
Great Britain,5,5,3,Mexico City,1968
Greece,0,0,1,Mexico City,1968
Hungary,10,10,12,Mexico City,1968
India,0,0,1,Mexico City,1968
Islamic Republic of Iran,2,1,2,Mexico City,1968
Italy,3,4,9,Mexico City,1968
Jamaica,0,1,0,Mexico City,1968
Japan,11,7,7,Mexico City,1968
Kenya,3,4,2,Mexico City,1968
Mexico,3,3,3,Mexico City,1968
Mongolia,0,1,3,Mexico City,1968
Netherlands,3,3,1,Mexico City,1968
New Zealand,1,0,2,Mexico City,1968
Norway,1,1,0,Mexico City,1968
Pakistan,1,0,0,Mexico City,1968
Poland,5,2,11,Mexico City,1968
Republic of Korea,0,1,1,Mexico City,1968
Romania,4,6,5,Mexico City,1968
Sweden,2,1,1,Mexico City,1968
Switzerland,0,1,4,Mexico City,1968
Tunisia,1,0,1,Mexico City,1968
Türkiye,2,0,0,Mexico City,1968
USSR,29,32,30,Mexico City,1968
Uganda,0,1,1,Mexico City,1968
United States of America,45,28,34,Mexico City,1968
Venezuela,1,0,0,Mexico City,1968
Yugoslavia,3,3,2,Mexico City,1968
Argentina,0,1,0,Tokyo,1964
Australia,6,2,10,Tokyo,1964
Bahamas,1,0,0,Tokyo,1964
Belgium,2,0,1,Tokyo,1964
Brazil,0,0,1,Tokyo,1964
Bulgaria,3,5,2,Tokyo,1964
Canada,1,2,1,Tokyo,1964
Cuba,0,1,0,Tokyo,1964
Czechoslovakia,5,6,3,Tokyo,1964
Denmark,2,1,3,Tokyo,1964
Ethiopia,1,0,0,Tokyo,1964
Finland,3,0,2,Tokyo,1964
France,1,8,6,Tokyo,1964
Germany,10,22,18,Tokyo,1964
Ghana,0,0,1,Tokyo,1964
Great Britain,4,12,2,Tokyo,1964
Hungary,10,7,5,Tokyo,1964
India,1,0,0,Tokyo,1964
Ireland,0,0,1,Tokyo,1964
Islamic Republic of Iran,0,0,2,Tokyo,1964
Italy,10,10,7,Tokyo,1964
Japan,16,5,8,Tokyo,1964
Kenya,0,0,1,Tokyo,1964
Mexico,0,0,1,Tokyo,1964
Netherlands,2,4,4,Tokyo,1964
New Zealand,3,0,2,Tokyo,1964
Nigeria,0,0,1,Tokyo,1964
Pakistan,0,1,0,Tokyo,1964
Philippines,0,1,0,Tokyo,1964
Poland,7,6,10,Tokyo,1964
Republic of Korea,0,2,1,Tokyo,1964
Romania,2,4,6,Tokyo,1964
Sweden,2,2,4,Tokyo,1964
Switzerland,1,2,1,Tokyo,1964
Trinidad and Tobago,0,1,2,Tokyo,1964
Tunisia,0,1,1,Tokyo,1964
Türkiye,2,3,1,Tokyo,1964
USSR,30,31,35,Tokyo,1964
United States of America,36,26,28,Tokyo,1964
Uruguay,0,0,1,Tokyo,1964
Yugoslavia,2,1,2,Tokyo,1964
Argentina,0,1,1,Rome,1960
Australia,8,8,6,Rome,1960
Austria,1,1,0,Rome,1960
Belgium,0,2,2,Rome,1960
Brazil,0,0,2,Rome,1960
Bulgaria,1,3,3,Rome,1960
Canada,0,1,0,Rome,1960
Chinese Taipei,0,1,0,Rome,1960
Czechoslovakia,3,2,3,Rome,1960
Denmark,2,3,1,Rome,1960
Ethiopia,1,0,0,Rome,1960
Finland,1,1,3,Rome,1960
France,0,2,3,Rome,1960
Germany,12,19,11,Rome,1960
Ghana,0,1,0,Rome,1960
Great Britain,2,6,12,Rome,1960
Greece,1,0,0,Rome,1960
Hungary,6,8,7,Rome,1960
India,0,1,0,Rome,1960
Iraq,0,0,1,Rome,1960
Islamic Republic of Iran,0,1,3,Rome,1960
Italy,13,10,13,Rome,1960
Jamaica,0,0,2,Rome,1960
Japan,4,7,7,Rome,1960
Mexico,0,0,1,Rome,1960
Morocco,0,1,0,Rome,1960
Netherlands,0,1,2,Rome,1960
New Zealand,2,0,1,Rome,1960
Norway,1,0,0,Rome,1960
Pakistan,1,0,1,Rome,1960
Poland,4,6,11,Rome,1960
Portugal,0,1,0,Rome,1960
Romania,3,1,6,Rome,1960
Singapore,0,1,0,Rome,1960
South Africa,0,1,2,Rome,1960
Spain,0,0,1,Rome,1960
Sweden,1,2,3,Rome,1960
Switzerland,0,3,3,Rome,1960
Türkiye,7,2,0,Rome,1960
USSR,43,29,31,Rome,1960
United Arab Emirates,0,1,1,Rome,1960
United States of America,34,21,16,Rome,1960
Venezuela,0,0,1,Rome,1960
Yugoslavia,1,1,0,Rome,1960
Argentina,0,1,1,Melbourne,1956
Australia,13,8,14,Melbourne,1956
Austria,0,0,2,Melbourne,1956
Bahamas,0,0,1,Melbourne,1956
Belgium,0,2,0,Melbourne,1956
Brazil,1,0,0,Melbourne,1956
Bulgaria,1,3,1,Melbourne,1956
Canada,2,1,2,Melbourne,1956
Chile,0,2,2,Melbourne,1956
Czechoslovakia,1,4,1,Melbourne,1956
Denmark,1,1,1,Melbourne,1956
Finland,3,1,11,Melbourne,1956
France,4,4,6,Melbourne,1956
Germany,4,10,6,Melbourne,1956
Great Britain,5,7,9,Melbourne,1956
Greece,0,0,1,Melbourne,1956
Hungary,9,10,7,Melbourne,1956
Iceland,0,1,0,Melbourne,1956
India,1,0,0,Melbourne,1956
Ireland,1,1,3,Melbourne,1956
Islamic Republic of Iran,2,2,1,Melbourne,1956
Italy,8,6,8,Melbourne,1956
Japan,4,10,5,Melbourne,1956
Mexico,1,0,1,Melbourne,1956
New Zealand,2,0,0,Melbourne,1956
Norway,1,0,2,Melbourne,1956
Pakistan,0,1,0,Melbourne,1956
Poland,1,4,4,Melbourne,1956
Republic of Korea,0,1,1,Melbourne,1956
Romania,5,3,5,Melbourne,1956
South Africa,0,0,4,Melbourne,1956
Sweden,5,5,6,Melbourne,1956
Türkiye,3,2,2,Melbourne,1956
USSR,37,29,32,Melbourne,1956
United States of America,32,25,17,Melbourne,1956
Uruguay,0,0,1,Melbourne,1956
Yugoslavia,0,3,0,Melbourne,1956
Argentina,1,2,2,Helsinki,1952
Australia,6,2,3,Helsinki,1952
Austria,0,1,1,Helsinki,1952
Belgium,2,2,0,Helsinki,1952
Brazil,1,0,2,Helsinki,1952
Bulgaria,0,0,1,Helsinki,1952
Canada,1,2,0,Helsinki,1952
Chile,0,2,0,Helsinki,1952
Czechoslovakia,7,3,3,Helsinki,1952
Denmark,2,1,3,Helsinki,1952
Egypt,0,0,1,Helsinki,1952
Finland,6,3,13,Helsinki,1952
France,6,6,6,Helsinki,1952
Germany,0,7,17,Helsinki,1952
Great Britain,1,2,8,Helsinki,1952
Hungary,16,10,16,Helsinki,1952
India,1,0,1,Helsinki,1952
Ireland,0,1,0,Helsinki,1952
Islamic Republic of Iran,0,3,4,Helsinki,1952
Italy,8,9,4,Helsinki,1952
Jamaica,2,3,0,Helsinki,1952
Japan,1,6,2,Helsinki,1952
Lebanon,0,1,1,Helsinki,1952
Luxembourg,1,0,0,Helsinki,1952
Mexico,0,1,0,Helsinki,1952
Netherlands,0,5,0,Helsinki,1952
New Zealand,1,0,2,Helsinki,1952
Norway,3,2,0,Helsinki,1952
Poland,1,2,1,Helsinki,1952
Portugal,0,0,1,Helsinki,1952
Republic of Korea,0,0,2,Helsinki,1952
Romania,1,1,2,Helsinki,1952
South Africa,2,4,4,Helsinki,1952
Spain,0,1,0,Helsinki,1952
Sweden,12,13,10,Helsinki,1952
Switzerland,2,6,6,Helsinki,1952
Trinidad and Tobago,0,0,2,Helsinki,1952
Türkiye,2,0,1,Helsinki,1952
USSR,22,30,19,Helsinki,1952
United States of America,40,19,17,Helsinki,1952
Uruguay,0,0,2,Helsinki,1952
Venezuela,0,0,1,Helsinki,1952
Yugoslavia,1,2,0,Helsinki,1952
Argentina,3,3,1,London,1948
Australia,2,6,5,London,1948
Austria,2,2,4,London,1948
Belgium,2,2,3,London,1948
Brazil,0,0,1,London,1948
Canada,0,2,2,London,1948
Cuba,0,1,0,London,1948
Czechoslovakia,6,2,3,London,1948
Denmark,5,8,9,London,1948
Egypt,2,2,1,London,1948
Finland,10,8,6,London,1948
France,11,6,15,London,1948
Great Britain,4,16,7,London,1948
Hungary,10,5,13,London,1948
India,1,0,0,London,1948
Ireland,0,0,1,London,1948
Islamic Republic of Iran,0,0,1,London,1948
Italy,9,12,10,London,1948
Jamaica,1,2,0,London,1948
Mexico,2,1,2,London,1948
Netherlands,5,2,9,London,1948
Norway,1,3,3,London,1948
Panama,0,0,2,London,1948
Peru,1,0,0,London,1948
Poland,1,0,1,London,1948
Portugal,0,1,1,London,1948
Puerto Rico,0,0,1,London,1948
Republic of Korea,0,0,2,London,1948
South Africa,2,2,2,London,1948
Spain,0,1,0,London,1948
Sri Lanka,0,1,0,London,1948
Sweden,17,11,18,London,1948
Switzerland,5,12,6,London,1948
Trinidad and Tobago,0,1,0,London,1948
Türkiye,6,4,2,London,1948
United States of America,38,27,19,London,1948
Uruguay,0,1,1,London,1948
Yugoslavia,0,2,0,London,1948
Argentina,2,2,3,Berlin,1936
Australia,0,0,1,Berlin,1936
Austria,5,7,5,Berlin,1936
Belgium,0,0,3,Berlin,1936
Canada,1,3,5,Berlin,1936
Czechoslovakia,3,5,1,Berlin,1936
Denmark,0,2,3,Berlin,1936
Egypt,2,1,2,Berlin,1936
Estonia,2,2,3,Berlin,1936
Finland,8,6,6,Berlin,1936
France,7,6,6,Berlin,1936
Germany,38,31,32,Berlin,1936
Great Britain,4,7,3,Berlin,1936
Hungary,10,1,5,Berlin,1936
India,1,0,0,Berlin,1936
Italy,9,13,5,Berlin,1936
Japan,6,4,10,Berlin,1936
Latvia,0,1,1,Berlin,1936
Mexico,0,0,3,Berlin,1936
Netherlands,6,4,7,Berlin,1936
New Zealand,1,0,0,Berlin,1936
Norway,1,3,2,Berlin,1936
Philippines,0,0,1,Berlin,1936
Poland,0,4,5,Berlin,1936
Portugal,0,0,1,Berlin,1936
Romania,0,1,0,Berlin,1936
South Africa,0,1,0,Berlin,1936
Sweden,6,5,10,Berlin,1936
Switzerland,4,9,5,Berlin,1936
Türkiye,1,0,1,Berlin,1936
United States of America,24,21,12,Berlin,1936
Yugoslavia,0,1,0,Berlin,1936
Argentina,3,1,0,Los Angeles,1932
Australia,3,1,1,Los Angeles,1932
Austria,1,1,3,Los Angeles,1932
Belgium,0,0,1,Los Angeles,1932
Canada,2,5,9,Los Angeles,1932
Czechoslovakia,1,3,2,Los Angeles,1932
Denmark,0,5,3,Los Angeles,1932
Finland,5,8,12,Los Angeles,1932
France,11,5,4,Los Angeles,1932
Germany,5,12,7,Los Angeles,1932
Great Britain,5,7,5,Los Angeles,1932
Hungary,6,5,5,Los Angeles,1932
India,1,0,0,Los Angeles,1932
Ireland,2,0,0,Los Angeles,1932
Italy,12,12,12,Los Angeles,1932
Japan,7,7,4,Los Angeles,1932
Latvia,0,1,0,Los Angeles,1932
Mexico,0,2,0,Los Angeles,1932
Netherlands,2,5,1,Los Angeles,1932
New Zealand,0,1,0,Los Angeles,1932
Philippines,0,0,3,Los Angeles,1932
Poland,3,2,4,Los Angeles,1932
South Africa,2,0,3,Los Angeles,1932
Spain,0,0,1,Los Angeles,1932
Sweden,10,5,9,Los Angeles,1932
Switzerland,0,1,0,Los Angeles,1932
United States of America,44,36,30,Los Angeles,1932
Uruguay,0,0,1,Los Angeles,1932
Argentina,3,3,1,Amsterdam,1928
Australia,1,2,1,Amsterdam,1928
Austria,3,0,1,Amsterdam,1928
Belgium,0,1,2,Amsterdam,1928
Canada,4,4,7,Amsterdam,1928
Chile,0,1,0,Amsterdam,1928
Czechoslovakia,2,5,2,Amsterdam,1928
Denmark,3,2,4,Amsterdam,1928
Egypt,2,1,1,Amsterdam,1928
Estonia,2,1,2,Amsterdam,1928
Finland,8,8,9,Amsterdam,1928
France,7,12,6,Amsterdam,1928
Germany,11,9,19,Amsterdam,1928
Great Britain,4,11,7,Amsterdam,1928
Haiti,0,1,0,Amsterdam,1928
Hungary,5,5,0,Amsterdam,1928
India,1,0,0,Amsterdam,1928
Ireland,1,0,0,Amsterdam,1928
Italy,7,6,7,Amsterdam,1928
Japan,2,2,1,Amsterdam,1928
Luxembourg,1,0,0,Amsterdam,1928
Netherlands,8,10,5,Amsterdam,1928
New Zealand,1,0,0,Amsterdam,1928
Norway,1,2,1,Amsterdam,1928
Philippines,0,0,1,Amsterdam,1928
Poland,2,1,4,Amsterdam,1928
Portugal,0,0,1,Amsterdam,1928
South Africa,1,0,2,Amsterdam,1928
Spain,1,0,0,Amsterdam,1928
Sweden,7,6,12,Amsterdam,1928
Switzerland,7,6,4,Amsterdam,1928
United States of America,22,18,16,Amsterdam,1928
Uruguay,1,0,0,Amsterdam,1928
Yugoslavia,1,1,3,Amsterdam,1928
Argentina,1,3,2,Paris,1924
Australia,3,1,2,Paris,1924
Austria,0,3,1,Paris,1924
Belgium,3,7,3,Paris,1924
Canada,0,3,1,Paris,1924
Czechoslovakia,1,4,5,Paris,1924
Denmark,2,6,3,Paris,1924
Estonia,1,1,4,Paris,1924
Finland,14,13,10,Paris,1924
France,14,15,12,Paris,1924
Great Britain,9,14,12,Paris,1924
Greece,1,0,0,Paris,1924
Haiti,0,0,1,Paris,1924
Hungary,2,4,4,Paris,1924
Ireland,0,1,1,Paris,1924
Italy,8,3,5,Paris,1924
Japan,0,0,1,Paris,1924
Luxembourg,1,1,0,Paris,1924
Monaco,0,0,1,Paris,1924
Netherlands,4,1,6,Paris,1924
New Zealand,0,0,1,Paris,1924
Norway,5,2,3,Paris,1924
Poland,0,1,1,Paris,1924
Portugal,0,0,1,Paris,1924
Romania,0,0,1,Paris,1924
South Africa,1,1,1,Paris,1924
Sweden,4,13,12,Paris,1924
Switzerland,7,8,10,Paris,1924
United States of America,45,27,27,Paris,1924
Uruguay,1,0,0,Paris,1924
Yugoslavia,2,0,0,Paris,1924
Australia,0,2,1,Antwerp,1920
Belgium,16,12,14,Antwerp,1920
Brazil,1,1,1,Antwerp,1920
Canada,3,3,3,Antwerp,1920
Czechoslovakia,0,0,2,Antwerp,1920
Denmark,3,9,1,Antwerp,1920
Estonia,1,2,0,Antwerp,1920
Finland,15,10,9,Antwerp,1920
France,9,20,13,Antwerp,1920
Great Britain,14,16,13,Antwerp,1920
Greece,0,1,0,Antwerp,1920
Italy,14,6,5,Antwerp,1920
Japan,0,2,0,Antwerp,1920
Luxembourg,0,1,0,Antwerp,1920
Netherlands,4,2,5,Antwerp,1920
New Zealand,0,0,1,Antwerp,1920
Norway,13,10,9,Antwerp,1920
South Africa,3,4,3,Antwerp,1920
Spain,0,2,0,Antwerp,1920
Sweden,19,20,25,Antwerp,1920
Switzerland,2,2,7,Antwerp,1920
United States of America,41,27,27,Antwerp,1920
Australia,2,2,3,Stockholm,1912
Austria,0,2,2,Stockholm,1912
Belgium,2,1,3,Stockholm,1912
Canada,3,2,3,Stockholm,1912
Denmark,1,6,5,Stockholm,1912
Finland,9,8,9,Stockholm,1912
France,7,5,3,Stockholm,1912
Germany,6,13,7,Stockholm,1912
Great Britain,10,15,16,Stockholm,1912
Greece,1,0,1,Stockholm,1912
Hungary,3,2,3,Stockholm,1912
Italy,5,1,2,Stockholm,1912
Netherlands,0,0,3,Stockholm,1912
Norway,3,2,5,Stockholm,1912
Russian Federation,0,2,3,Stockholm,1912
South Africa,4,2,0,Stockholm,1912
Sweden,23,25,17,Stockholm,1912
Switzerland,1,0,0,Stockholm,1912
United States of America,26,19,19,Stockholm,1912
Australia,1,2,2,London,1908
Austria,0,0,1,London,1908
Belgium,1,5,2,London,1908
Canada,3,3,10,London,1908
Czechia,0,0,2,London,1908
Denmark,0,2,3,London,1908
Finland,1,1,3,London,1908
France,5,5,9,London,1908
Germany,3,5,5,London,1908
Great Britain,56,51,39,London,1908
Greece,0,3,1,London,1908
Hungary,3,4,2,London,1908
Italy,2,2,0,London,1908
Netherlands,0,0,2,London,1908
Norway,2,3,3,London,1908
Russian Federation,1,2,0,London,1908
South Africa,1,1,0,London,1908
Sweden,8,6,11,London,1908
United States of America,23,12,12,London,1908
United States,77,79,78,St Louis,1904
Germany,4,5,6,St Louis,1904
Canada,4,1,1,St Louis,1904
Cuba,3,0,0,St Louis,1904
Hungary,2,1,1,St Louis,1904
Norway,2,0,0,St Louis,1904
Austria,1,1,1,St Louis,1904
Great Britain,1,1,0,St Louis,1904
Switzerland,1,0,2,St Louis,1904
Greece,1,0,1,St Louis,1904
Mixed team,1,0,0,St Louis,1904
Australia,0,3,1,St Louis,1904
France,0,1,0,St Louis,1904
France,31,41,40,Paris,1900
United States,20,13,15,Paris,1900
Great Britain,20,8,9,Paris,1900
Belgium,6,6,6,Paris,1900
Switzerland,6,3,1,Paris,1900
Germany,4,3,2,Paris,1900
Italy,3,2,0,Paris,1900
Denmark,1,3,2,Paris,1900
Mixed team,1,2,3,Paris,1900
Netherlands,1,2,3,Paris,1900
Hungary,1,2,2,Paris,1900
Cuba,1,1,0,Paris,1900
Spain,1,0,0,Paris,1900
Austria,0,3,3,Paris,1900
Norway,0,2,3,Paris,1900
India,0,2,0,Paris,1900
Bohemia,0,1,1,Paris,1900
Australia,0,0,3,Paris,1900
Sweden,0,0,1,Paris,1900
Australia,2,0,0,Athens,1896
Austria,2,1,2,Athens,1896
Denmark,1,2,3,Athens,1896
France,5,4,2,Athens,1896
Germany,6,5,2,Athens,1896
Great Britain,2,3,2,Athens,1896
Greece,10,18,19,Athens,1896
Hungary,2,1,3,Athens,1896
Mixed NOCs,1,0,1,Athens,1896
Switzerland,1,2,0,Athens,1896
United States of America,11,7,2,Athens,1896